1,mike-krzyzewski-1,1976,0.033230
2,dean-smith-1,1962,0.025340
3,roy-williams-1,1989,0.023799
4,john-wooden-1,1947,0.021618
5,rick-pitino-1,1979,0.020242
6,bill-self-1,1994,0.017142
7,bob-knight-1,1966,0.015994
8,tom-izzo-1,1996,0.015864
9,billy-donovan-1,1995,0.015664
10,john-calipari-1,1989,0.014743
11,lute-olson-1,1974,0.014284
12,jim-calhoun-1,1973,0.012836
13,guy-lewis-1,1957,0.012216
14,eddie-sutton-1,1970,0.011674
15,jim-boeheim-1,1977,0.011148
16,fred-taylor-1,1959,0.011122
17,pete-newell-1,1947,0.011042
18,jerry-tarkanian-1,1970,0.010273
19,phil-woolpert-1,1951,0.010247
20,adolph-rupp-1,1931,0.009916
21,nolan-richardson-1,1981,0.009905
22,denny-crum-1,1972,0.009902
23,gary-williams-1,1979,0.009819
24,george-ireland-1,1952,0.009665
25,tubby-smith-1,1992,0.009572
26,john-thompson-1,2001,0.009114
27,dick-harp-1,1957,0.009056
28,thad-matta-1,2001,0.008718
29,john-chaney-1,1983,0.008657
30,forddy-anderson-1,1947,0.008571
31,george-smith-1,1953,0.008537
32,rick-majerus-1,1984,0.008129
33,ed-jucker-1,1947,0.008099
34,ben-howland-1,1995,0.007631
35,john-beilein-1,1993,0.007272
36,bob-huggins-1,1985,0.007207
37,jim-harrick-1,1980,0.007105
38,larry-brown-1,1990,0.006944
39,jay-wright-1,1995,0.006668
40,jud-heathcote-1,1972,0.006178
41,bruce-weber-1,1999,0.005977
42,rick-barnes-1,1988,0.005856
43,kelvin-sampson-1,1988,0.005697
44,steve-fisher-1,1989,0.005463
45,digger-phelps-1,1971,0.005439
46,mike-montgomery-1,1979,0.005391
47,lou-henson-1,1963,0.005350
48,peck-hickman-1,1945,0.005322
49,frank-mcguire-1,1948,0.005226
50,bob-feerick-1,1951,0.005145
51,jim-rosborough-1,1987,0.004937
52,fred-schaus-1,1955,0.004722
53,billy-tubbs-1,1977,0.004651
54,ben-braun-1,1986,0.004632
55,jeff-jones-3,1989,0.004602
56,mark-few-1,2000,0.004558
57,bill-guthridge-1,1998,0.004554
58,phog-allen-1,1906,0.004537
59,norm-sloan-1,1957,0.004461
60,dale-brown-1,1973,0.004445
61,tom-davis-1,1972,0.004420
62,frosty-cox-1,1936,0.004387
63,sean-miller-1,2005,0.004368
64,gene-bartow-1,1971,0.004352
65,al-mcguire-1,1965,0.004337
66,john-castellani-1,1957,0.004286
67,kenneth-loeffler-1,1936,0.004280
68,don-haskins-1,1962,0.003978
69,steve-lavin-1,1997,0.003881
70,lou-carnesecca-1,1966,0.003809
71,rollie-massimino-1,1974,0.003773
72,hank-iba-1,1930,0.003726
73,wimp-sanderson-1,1981,0.003723
74,lefty-driesell-1,1961,0.003715
75,terry-holland-1,1970,0.003605
76,jack-kraft-1,1962,0.003539
77,jack-hartman-1,1968,0.003529
78,bill-frieder-1,1981,0.003421
79,pj-carlesimo-1,1977,0.003412
80,jim-obrien-1,1990,0.003397
81,dave-strack-1,1960,0.003372
82,mike-jarvis-1,1986,0.003352
83,jim-larranaga-1,1987,0.003345
84,gene-keady-1,1979,0.003265
85,john-thompson-2,2001,0.003211
86,don-donoher-1,1965,0.003190
87,paul-evans-1,1981,0.003099
88,bobby-cremins-1,1976,0.003077
89,john-brady-1,1992,0.003028
90,shaka-smart-1,2010,0.002963
91,bruce-pearl-1,2002,0.002933
92,mike-anderson-1,2003,0.002911
93,hugh-durham-1,1967,0.002900
94,jim-valvano-1,1973,0.002865
95,lon-kruger-1,1983,0.002782
96,george-king-1,1961,0.002769
97,tom-crean-1,2000,0.002737
98,randy-ayers-1,1990,0.002737
99,brad-stevens-1,2008,0.002640
100,mike-brey-1,1996,0.002625
101,thomas-penders-1,1975,0.002622
102,kevin-oneill-1,1990,0.002600
103,clem-haskins-1,1981,0.002570
104,frank-arnold-1,1976,0.002568
105,norm-stewart-1,1968,0.002562
106,sonny-smith-1,1977,0.002550
107,tex-winter-1,1952,0.002518
108,joe-williams-2,1967,0.002494
109,herb-sendek-1,1994,0.002493
110,lou-campanelli-1,1977,0.002491
111,john-oldham-1,1956,0.002471
112,mike-davis-6,2001,0.002466
113,vic-bubas-1,1960,0.002435
114,lee-rose-1,1976,0.002432
115,dick-bennett-1,1986,0.002378
116,bobby-gonzalez-1,2000,0.002375
117,richard-williams-1,1987,0.002369
118,carl-tacy-1,1972,0.002360
119,ray-meyer-1,1943,0.002297
120,larry-weise-1,1962,0.002287
121,jerry-pimm-1,1975,0.002218
122,bo-ryan-1,2000,0.002186
123,todd-lickliter-1,2002,0.002148
124,pete-gillen-1,1986,0.002116
125,jack-gardner-1,1940,0.002093
126,paul-hewitt-1,1998,0.002071
127,rob-evans-1,1993,0.002066
128,james-dickey-1,1992,0.002052
129,cm-newton-1,1969,0.002052
130,jeff-capel-1,2003,0.001991
131,trent-johnson-1,2000,0.001984
132,shelby-metcalf-1,1964,0.001932
133,everett-dean-1,1922,0.001928
134,bucky-oconnor-1,1950,0.001911
135,beryl-shipley-1,1972,0.001889
136,buzz-williams-1,2007,0.001834
137,doggie-julian-1,1937,0.001819
138,gary-cunningham-1,1978,0.001789
139,johnny-orr-1,1964,0.001772
140,mark-gottfried-1,1996,0.001754
141,dana-kirk-1,1977,0.001743
142,tim-floyd-1,1987,0.001730
143,matt-painter-1,2004,0.001725
144,gregg-marshall-1,1999,0.001699
145,leonard-hamilton-1,1987,0.001659
146,chris-mack-1,2010,0.001638
147,steve-alford-1,1996,0.001621
148,gale-catlett-1,1973,0.001611
149,ron-abegglen-1,1992,0.001543
150,larry-finch-1,1987,0.001513
151,quin-snyder-1,2000,0.001508
152,dan-belluomini-1,1979,0.001484
153,brett-reed-1,2008,0.001464
154,ricardo-patton-1,1996,0.001461
155,jamie-dixon-1,2004,0.001454
156,tippy-dye-1,1942,0.001446
157,henry-bibby-1,1996,0.001421
158,maury-john-1,1959,0.001410
159,stan-heath-1,2002,0.001409
160,john-groce-1,2009,0.001404
161,bob-bender-1,1990,0.001392
162,fred-hoiberg-1,2011,0.001381
163,cliff-ellis-1,1976,0.001379
164,ralph-miller-1,1952,0.001370
165,billy-gillispie-1,2003,0.001359
166,jerry-green-2,1987,0.001357
167,larry-eustachy-1,1991,0.001355
168,ben-carnevale-1,1945,0.001354
169,dick-davey-1,1993,0.001351
170,joseph-curran-1,1954,0.001349
171,lorenzo-romar-1,1997,0.001343
172,brian-mahoney-1,1979,0.001318
173,tiny-grant-1,1978,0.001266
174,sam-barry-1,1923,0.001241
175,nibs-price-1,1925,0.001241
176,dave-odom-1,1980,0.001238
177,al-skinner-1,1989,0.001229
178,ted-owens-1,1965,0.001227
179,paul-westhead-1,1971,0.001218
180,phil-martelli-1,1996,0.001192
181,joey-meyer-1,1985,0.001184
182,james-snyder-1,1950,0.001171
183,ozzie-cowles-1,1925,0.001167
184,mick-cronin-1,2004,0.001163
185,frank-martin-1,2008,0.001143
186,john-jordan-1,1951,0.001113
187,fred-snowden-1,1973,0.001110
188,dick-harter-1,1967,0.001094
189,roy-danforth-1,1969,0.001093
190,leon-black-1,1968,0.001069
191,jim-les-1,2003,0.001068
192,harry-litwack-1,1953,0.001057
193,dan-monson-1,1998,0.001028
194,bob-weinhauer-1,1978,0.001024
195,doc-hayes-1,1948,0.001002
196,skip-prosser-1,1994,0.001000
197,lou-rossini-1,1951,0.000990
198,ladell-andersen-1,1962,0.000987
199,tom-young-2,1970,0.000982
200,ned-wulk-1,1952,0.000966
201,mark-turgeon-1,1999,0.000939
202,harry-combes-1,1948,0.000939
203,pat-kennedy-1,1981,0.000930
204,bobby-lutz-1,1999,0.000926
205,pat-foster-1,1981,0.000917
206,joseph-mullaney-1,1958,0.000906
207,harold-olsen-1,1919,0.000898
208,andy-enfield-1,2012,0.000889
209,jack-ramsay-1,1956,0.000875
210,scott-drew-1,2003,0.000865
211,eldon-miller-1,1971,0.000864
212,john-kresse-1,1992,0.000857
213,melvin-watkins-1,1997,0.000816
214,dave-gavitt-1,1968,0.000807
215,dave-bliss-1,1976,0.000798
216,roger-reid-1,1990,0.000780
217,dana-altman-1,1990,0.000778
218,jerry-dunn-1,1996,0.000776
219,bones-mckinney-1,1958,0.000770
220,marv-harshman-1,1959,0.000738
221,bob-gaillard-1,1971,0.000735
222,bob-mckillop-1,1990,0.000733
223,gary-thompson-1,1965,0.000722
224,eddie-fogler-1,1987,0.000719
225,alan-leforce-1,1991,0.000715
226,rick-stansbury-1,1999,0.000713
227,anthony-grant-2,2007,0.000700
228,matt-doherty-1,2000,0.000700
229,ernie-kent-1,1992,0.000698
230,kenneth-norton-1,1947,0.000698
231,charlie-coles-1,1986,0.000697
232,randy-bennett-1,2002,0.000690
233,dave-rose-1,2006,0.000688
234,jim-brandenburg-1,1977,0.000685
235,jack-nagle-1,1954,0.000670
236,ralph-willard-1,1991,0.000665
237,chuck-daly-1,1970,0.000663
238,steve-robinson-2,1996,0.000639
239,ben-jacobson-4,2007,0.000614
240,ray-giacoletti-1,2001,0.000601
241,kevin-mackey-1,1984,0.000599
242,john-giannini-1,1997,0.000596
243,gene-smithson-1,1976,0.000587
244,ken-mcdonald-1,2009,0.000576
245,fran-fraschilla-1,1993,0.000564
246,mack-mccarthy-1,1986,0.000563
247,abe-lemons-1,1956,0.000556
248,dick-tarrant-1,1982,0.000554
249,andy-russo-1,1980,0.000539
250,slats-gill-1,1929,0.000538
251,kevin-stallings-1,1994,0.000536
252,bill-hodges-1,1979,0.000530
253,john-brooks-1,1959,0.000529
254,earl-brown-2,1942,0.000527
255,ben-jobe-1,1972,0.000519
256,stew-morrill-1,1987,0.000517
257,ken-trickey-1,1966,0.000516
258,wayne-morgan-1,1997,0.000508
259,chris-lowery-1,2005,0.000498
260,pat-flannery-1,1995,0.000493
261,tony-bennett-1,2007,0.000490
262,rob-jeter-1,2006,0.000490
263,harold-bradley-1,1951,0.000489
264,dick-versace-1,1979,0.000489
265,mike-newell-1,1985,0.000487
266,fran-mccaffery-1,1986,0.000485
267,gerald-myers-1,1971,0.000483
268,louis-orr-1,2001,0.000482
269,murray-arnold-1,1980,0.000482
270,stu-jackson-1,1993,0.000476
271,brian-gregory-1,2004,0.000476
272,johnny-dee-1,1953,0.000467
273,nat-holman-1,1920,0.000464
274,bob-zuffelato-1,1972,0.000438
275,bob-wade-1,1987,0.000435
276,bruce-parkhill-1,1978,0.000431
277,neil-mccarthy-1,1975,0.000429
278,paul-valenti-1,1960,0.000427
279,elmer-gross-1,1950,0.000424
280,buster-sheary-1,1949,0.000414
281,branch-mccracken-1,1939,0.000412
282,elmer-ripley-1,1928,0.000406
283,homer-drew-1,1989,0.000400
284,tommy-amaker-1,1998,0.000395
285,steve-belko-1,1957,0.000394
286,gary-waters-1,1997,0.000393
287,david-hobbs-1,1993,0.000392
288,craig-esherick-1,1999,0.000392
289,frank-layden-1,1969,0.000382
290,johnny-swaim-1,1968,0.000379
291,matt-kilcullen-1,1992,0.000375
292,mark-fox-1,2005,0.000372
293,howard-cann-1,1924,0.000365
294,bill-herrion-1,1992,0.000355
295,bill-henderson-1,1942,0.000354
296,charles-spoonhour-1,1984,0.000354
297,marty-fletcher-1,1983,0.000354
298,paul-lambert-1,1967,0.000351
299,steve-donahue-1,2001,0.000351
300,everett-case-1,1947,0.000348
301,seth-greenberg-1,1991,0.000347
302,perry-clark-1,1990,0.000347
303,dick-hunsaker-1,1990,0.000340
304,hugh-greer-1,1947,0.000337
305,steve-mcclain-1,1999,0.000334
306,dick-edwards-1,1964,0.000334
307,darrin-horn-1,2004,0.000329
308,jd-barnett-1,1978,0.000326
309,gary-colson-1,1969,0.000323
310,jerry-wainwright-1,1995,0.000320
311,walt-hazzard-1,1985,0.000315
312,bob-donewald-1,1979,0.000310
313,pete-carril-1,1967,0.000308
314,perry-watson-1,1994,0.000304
315,bob-nichols-1,1966,0.000296
316,don-monson-1,1979,0.000296
317,buzz-ridl-1,1969,0.000294
318,greg-mcdermott-1,2002,0.000292
319,eddie-hickey-1,1936,0.000291
320,vadal-peterson-1,1928,0.000291
321,matt-zunic-1,1958,0.000289
322,howard-hobson-1,1936,0.000286
323,forrest-twogood-1,1937,0.000281
324,brian-ellerbe-1,1995,0.000279
325,russ-pennell-1,2009,0.000275
326,bob-thomason-1,1989,0.000275
327,tom-brennan-1,1983,0.000275
328,bud-foster-1,1935,0.000275
329,everett-shelton-1,1940,0.000271
330,fred-shabel-1,1964,0.000267
331,dave-leitao-1,1995,0.000266
332,andy-kennedy-1,2006,0.000261
333,charles-moir-1,1974,0.000259
334,peter-peletta-1,1961,0.000258
335,frank-haith-1,2005,0.000258
336,steve-newton-1,1986,0.000255
337,don-devoe-1,1972,0.000253
338,davey-whitney-1,1978,0.000252
339,mike-deane-1,1987,0.000252
340,howie-shannon-1,1965,0.000249
341,bebe-lee-1,1946,0.000244
342,dick-parfitt-1,1974,0.000242
343,bill-blair-1,1973,0.000239
344,harry-rabenhorst-1,1926,0.000239
345,fang-mitchell-1,1972,0.000238
346,bruce-stewart-1,1985,0.000234
347,jim-williams-1,1955,0.000229
348,jim-killingsworth-1,1972,0.000228
349,fran-dunphy-1,1990,0.000228
350,bobby-laughlin-1,1956,0.000222
351,ea-diddle-1,1923,0.000222
352,steve-lappas-1,1989,0.000222
353,stan-watts-1,1950,0.000211
354,bobby-dye-1,1975,0.000210
355,royce-waltman-1,1998,0.000205
356,roy-skinner-1,1959,0.000204
357,jim-crews-1,1986,0.000202
358,harold-anderson-1,1935,0.000201
359,john-phillips-1,2002,0.000201
360,sox-walseth-1,1957,0.000200
361,travis-ford-1,2001,0.000197
362,marcel-guley-1,1951,0.000194
363,bill-grier-1,2008,0.000190
364,alex-severence-1,1937,0.000188
365,jim-lynam-1,1969,0.000187
366,rod-barnes-1,1999,0.000186
367,ronnie-arrow-1,1988,0.000186
368,bruce-drake-1,1939,0.000178
369,jim-obrien-2,1990,0.000178
370,gene-sullivan-1,1981,0.000176
371,hank-raymonds-1,1978,0.000176
372,dick-garibaldi-1,1963,0.000171
373,red-mcmanus-1,1960,0.000168
374,jack-friel-1,1929,0.000167
375,bob-boyd-1,1964,0.000166
376,lake-kelly-1,1972,0.000166
377,james-weaver-1,1956,0.000159
378,bob-cousy-1,1964,0.000158
379,larry-krystkowiak-1,2005,0.000156
380,jay-smith-2,1998,0.000153
381,norm-ellenberger-1,1973,0.000152
382,jeff-capel-2,2003,0.000152
383,tates-locke-1,1964,0.000150
384,doc-carlson-1,1923,0.000149
385,hc-gilstrap-1,1943,0.000149
386,louis-menze-1,1929,0.000149
387,eugene-lambert-1,1943,0.000149
388,bud-millikan-1,1951,0.000149
389,phil-johnson-2,1969,0.000149
390,gene-visscher-1,1972,0.000149
391,charlie-schmaus-1,1977,0.000149
392,john-pelphrey-1,2003,0.000149
393,steve-prohm-1,2012,0.000149
394,jim-richards-1,1972,0.000148
395,benny-dees-1,1986,0.000147
396,bob-vanatta-1,1954,0.000143
397,dino-gaudio-1,1994,0.000139
398,chris-mooney-1,2005,0.000138
399,cappy-cappon-1,1932,0.000138
400,whack-hyder-1,1952,0.000131
401,george-raveling-1,1973,0.000131
402,glen-rose-1,1934,0.000122
403,les-robinson-1,1975,0.000119
404,dick-vitale-1,1974,0.000118
405,tad-boyle-1,2008,0.000117
406,josh-pastner-1,2010,0.000114
407,anthony-evans-2,2008,0.000113
408,steve-merfeld-1,1998,0.000112
409,jack-rohan-1,1962,0.000110
410,tony-barone-1,1986,0.000110
411,mike-mcconathy-1,2000,0.000109
412,speedy-morris-1,1987,0.000106
413,blaine-taylor-1,1992,0.000105
414,bill-carmody-1,1997,0.000104
415,dudey-moore-1,1949,0.000103
416,edward-donovan-1,1954,0.000101
417,roy-chipman-1,1978,0.000100
418,red-manning-1,1959,0.000099
419,richard-shrider-1,1958,0.000098
420,jim-dutcher-1,1976,0.000098
421,danny-nee-1,1981,0.000097
422,eugene-gibson-1,1962,0.000097
423,darrell-hedric-1,1971,0.000096
424,dee-rowe-1,1970,0.000095
425,robert-timmons-1,1954,0.000090
426,tony-hinkle-1,1927,0.000090
427,jim-boyle-1,1982,0.000089
428,jack-gray-1,1937,0.000087
429,john-grayson-1,1959,0.000087
430,billy-kennedy-1,1998,0.000086
431,chick-davies-1,1925,0.000085
432,karl-hobbs-1,2002,0.000085
433,dick-romney-1,1920,0.000076
434,eck-allen-1,1939,0.000076
435,bill-lange-1,1940,0.000076
436,douglas-mills-1,1937,0.000076
437,john-lawther-1,1927,0.000076
438,hec-edmundson-1,1917,0.000076
439,al-duer-1,1944,0.000076
440,george-edwards-1,1927,0.000076
441,josh-cody-1,1924,0.000076
442,john-long-3,1944,0.000076
443,john-warren-1,1945,0.000076
444,floyd-stahl-1,1944,0.000076
445,arthur-mclarney-1,1948,0.000076
446,gordon-ridings-1,1947,0.000076
447,john-floyd-3,1951,0.000076
448,fred-enke-1,1924,0.000076
449,george-mccarty-1,1951,0.000076
450,tom-blackburn-1,1948,0.000076
451,bill-scott-1,1952,0.000076
452,murray-greason-1,1934,0.000076
453,howard-dallmar-1,1949,0.000076
454,don-suman-1,1950,0.000076
455,royner-greene-1,1947,0.000076
456,jerry-bush-1,1948,0.000076
457,john-bach-1,1950,0.000076
458,clarence-iba-1,1950,0.000076
459,doyle-parrack-1,1951,0.000076
460,gus-miller-1,1943,0.000076
461,alden-pasche-1,1951,0.000076
462,jule-rivlin-1,1956,0.000076
463,albert-brightman-1,1953,0.000076
464,roy-leenig-1,1956,0.000076
465,jim-mccafferty-1,1955,0.000076
466,bill-rohr-1,1952,0.000076
467,george-davidson-2,1915,0.000076
468,don-martin-1,1954,0.000076
469,buster-brannon-1,1939,0.000076
470,paul-mcbrayer-1,1948,0.000076
471,presley-askew-1,1950,0.000076
472,john-evans-2,1902,0.000076
473,bruce-hale-1,1955,0.000076
474,william-donovan-1,1953,0.000076
475,polk-robison-1,1943,0.000076
476,james-mccafferty-1,1958,0.000076
477,joe-lapchick-1,1937,0.000076
478,william-reinhart-2,1924,0.000076
479,duck-dowell-1,1956,0.000076
480,bob-spear-1,1958,0.000076
481,bob-calihan-1,1949,0.000076
482,joseph-vancisin-1,1957,0.000076
483,vincent-cazzetta-1,1959,0.000076
484,babe-mccarthy-1,1956,0.000076
485,george-wigton-1,1963,0.000076
486,jim-baechtold-1,1962,0.000076
487,john-egli-1,1955,0.000076
488,tay-baker-1,1966,0.000076
489,ernest-calverley-1,1958,0.000076
490,bill-strannigan-1,1951,0.000076
491,lionel-purcell-1,1966,0.000076
492,lou-watson-1,1966,0.000076
493,bob-king-1,1963,0.000076
494,dick-motta-1,1964,0.000076
495,john-dromo-1,1968,0.000076
496,bill-fitch-1,1968,0.000076
497,jim-harding-1,1958,0.000076
498,morris-buckwalter-1,1968,0.000076
499,cal-luther-1,1959,0.000076
500,cotton-fitzsimmons-1,1969,0.000076
501,don-knodel-1,1967,0.000076
502,red-rocha-1,1971,0.000076
503,guy-strong-1,1968,0.000076
504,tom-quinn-1,1967,0.000076
505,tom-wasdin-1,1971,0.000076
506,frank-mulzoff-1,1971,0.000076
507,bob-miller-2,1971,0.000076
508,jack-mckinney-1,1967,0.000076
509,bus-connor-1,1974,0.000076
510,wayne-yates-1,1975,0.000076
511,tim-vezie-1,1975,0.000076
512,harry-miller-1,1971,0.000076
513,dwight-jones-4,1975,0.000076
514,jimmy-earle-1,1970,0.000076
515,ray-mears-1,1963,0.000076
516,john-cinicola-1,1975,0.000076
517,roger-gaeckler-1,1973,0.000076
518,jim-satalin-1,1974,0.000076
519,dutch-belnap-1,1974,0.000076
520,ken-hayes-1,1969,0.000076
521,ed-byhre-1,1977,0.000076
522,dom-perno-1,1978,0.000076
523,don-casey-1,1974,0.000076
524,ron-jacobs-1,1980,0.000076
525,bill-berry-1,1980,0.000076
526,eddie-holbrook-1,1979,0.000076
527,ab-williamson-1,1976,0.000076
528,carl-stewart-1,1978,0.000076
529,steve-yoder-1,1978,0.000076
530,tom-apke-1,1975,0.000076
531,paul-lizzo-1,1976,0.000076
532,dick-walters-1,1979,0.000076
533,john-mcdougal-1,1977,0.000076
534,peter-barry-1,1981,0.000076
535,stan-simpson-2,1980,0.000076
536,larry-farmer-1,1982,0.000076
537,paul-hansen-1,1974,0.000076
538,lefty-ervin-1,1980,0.000076
539,dick-acres-1,1983,0.000076
540,wayne-martin-1,1979,0.000076
541,sonny-allen-1,1950,0.000076
542,smokey-gaines-1,1978,0.000076
543,robert-hopkins-1,1985,0.000076
544,craig-littlepage-1,1983,0.000076
545,bill-bibb-1,1975,0.000076
546,paul-webb-1,1977,0.000076
547,eddie-burke-1,1978,0.000076
548,lynn-archibald-1,1978,0.000076
549,stu-starner-1,1984,0.000076
550,matt-furjanic-1,1980,0.000076
551,al-brown-1,1983,0.000076
552,moe-iba-1,1967,0.000076
553,bobby-hussey-1,1982,0.000076
554,jerry-peirson-1,1985,0.000076
555,mike-cingiser-1,1982,0.000076
556,carroll-williams-1,1971,0.000076
557,dave-magarity-1,1979,0.000076
558,jim-boutin-1,1986,0.000076
559,hank-egan-1,1972,0.000076
560,mitch-buonaguro-1,1986,0.000076
561,rick-huckabay-1,1984,0.000076
562,pete-herrmann-1,1987,0.000076
563,tom-schneider-1,1984,0.000076
564,jimmy-gales-1,1987,0.000076
565,mike-dement-1,1987,0.000076
566,ken-burmeister-1,1987,0.000076
567,stan-albeck-1,1969,0.000076
568,rod-tueller-1,1980,0.000076
569,gene-iba-1,1978,0.000076
570,don-corbett-1,1980,0.000076
571,ernie-nestor-1,1989,0.000076
572,lynn-nance-1,1977,0.000076
573,charles-woollum-1,1976,0.000076
574,steve-welch-1,1988,0.000076
575,george-felton-1,1987,0.000076
576,kermit-davis-1,1989,0.000076
577,jim-anderson-1,1990,0.000076
578,jerry-loyd-1,1990,0.000076
579,bob-wenzel-1,1982,0.000076
580,bob-reinhart-1,1986,0.000076
581,terry-truax-1,1984,0.000076
582,mk-turk-1,1977,0.000076
583,karl-fogel-1,1987,0.000076
584,bobby-paschal-1,1979,0.000076
585,jarrett-durham-1,1985,0.000076
586,frank-kerns-1,1982,0.000076
587,joby-wright-1,1991,0.000076
588,butch-beard-1,1991,0.000076
589,nick-macarchuk-1,1978,0.000076
590,billy-lee-1,1986,0.000076
591,russ-bergman-1,1975,0.000076
592,john-shumate-1,1989,0.000076
593,steve-steinwedel-1,1986,0.000076
594,ralph-underhill-1,1988,0.000076
595,george-blaney-1,1970,0.000076
596,eddie-payne-1,1992,0.000076
597,frankie-allen-1,1988,0.000076
598,jim-wooldridge-1,1992,0.000076
599,kevin-bannon-1,1990,0.000076
600,larry-hunter-1,1990,0.000076
601,jeff-meyer-1,1989,0.000076
602,dan-fitzgerald-3,1979,0.000076
603,scott-edgar-1,1992,0.000076
604,robert-moreland-1,1978,0.000076
605,rich-herrin-1,1986,0.000076
606,ted-fiore-1,1987,0.000076
607,jeff-mullins-1,1986,0.000076
608,roy-thomas-2,1910,0.000076
609,mick-durham-1,1991,0.000076
610,phil-hopkins-1,1996,0.000076
611,jack-bruen-1,1990,0.000076
612,mike-vining-1,1982,0.000076
613,rob-chavez-1,1993,0.000076
614,stan-morrison-1,1973,0.000076
615,lafayette-stribling-1,1984,0.000076
616,tom-asbury-1,1989,0.000076
617,brian-hammel-1,1992,0.000076
618,wayne-szoke-1,1985,0.000076
619,jim-molinari-1,1990,0.000076
620,bill-musselman-1,1972,0.000076
621,tom-conrad-1,1997,0.000076
622,mike-miller-3,1995,0.000076
623,ray-haskins-1,1996,0.000076
624,paul-cormier-1,1985,0.000076
625,philip-mathews-1,1996,0.000076
626,bob-weltlich-1,1977,0.000076
627,rickey-broussard-1,1991,0.000076
628,bruiser-flint-1,1997,0.000076
629,ron-bradley-1,1992,0.000076
630,elwood-plummer-1,1991,0.000076
631,milton-barnes-1,1997,0.000076
632,dickey-nutt-1,1996,0.000076
633,jim-phelan-1,1989,0.000076
634,mickey-clayton-1,1996,0.000076
635,mike-adras-1,2000,0.000076
636,gary-garner-1,1982,0.000076
637,andy-stoglin-1,1983,0.000076
638,bill-bayno-1,1996,0.000076
639,buzz-peterson-1,1997,0.000076
640,jimmy-tillette-1,1998,0.000076
641,jim-baron-1,1988,0.000076
642,fran-ohanlon-1,1996,0.000076
643,barry-collier-1,1990,0.000076
644,brad-soderberg-1,2001,0.000076
645,rick-samuels-1,1980,0.000076
646,bill-evans-1,1992,0.000076
647,riley-wallace-1,1977,0.000076
648,dennis-wolff-1,1995,0.000076
649,sidney-green-1,2000,0.000076
650,don-holst-1,1999,0.000076
651,paul-westphal-1,2002,0.000076
652,tic-price-1,1995,0.000076
653,rob-lanier-1,2002,0.000076
654,dale-layer-1,2001,0.000076
655,don-maestri-1,1994,0.000076
656,brad-holland-1,1993,0.000076
657,dereck-whittenburg-1,2000,0.000076
658,joe-cravens-1,1990,0.000076
659,ron-hunter-1,1999,0.000076
660,kerry-rupp-1,2004,0.000076
661,jimmy-collins-1,1997,0.000076
662,tim-welsh-1,1996,0.000076
663,mike-gillespie-1,2002,0.000076
664,jessie-evans-1,1998,0.000076
665,steve-hawkins-1,2004,0.000076
666,steve-cleveland-1,1998,0.000076
667,tim-carter-1,1996,0.000076
668,randy-dunton-1,1998,0.000076
669,joe-scott-2,2001,0.000076
670,kirk-speraw-1,1994,0.000076
671,tim-oshea-1,2002,0.000076
672,ritchie-mckay-1,1999,0.000076
673,tom-green-1,1984,0.000076
674,doc-sadler-1,2005,0.000076
675,greg-jackson-1,2001,0.000076
676,robert-lee-1,2005,0.000076
677,jeff-bzdelik-1,1987,0.000076
678,dave-calloway-1,1998,0.000076
679,jeff-ruland-1,1999,0.000076
680,rob-spivery-1,1997,0.000076
681,randy-rahe-1,2007,0.000076
682,joe-mihalich-1,1999,0.000076
683,glen-miller-1,2000,0.000076
684,larry-reynolds-1,1996,0.000076
685,howie-dickenman-1,1997,0.000076
686,tevester-anderson-1,1999,0.000076
687,reggie-theus-1,2006,0.000076
688,jeff-neubauer-1,2006,0.000076
689,dennis-felton-1,1999,0.000076
690,keno-davis-1,2008,0.000076
691,james-green-1,1997,0.000076
692,dave-loos-1,1991,0.000076
693,scott-sutton-1,2000,0.000076
694,scott-cross-1,2007,0.000076
695,randy-monroe-1,2005,0.000076
696,bob-burton-1,2004,0.000076
697,jim-christian-1,2003,0.000076
698,greg-graham-2,2003,0.000076
699,randy-peele-1,1996,0.000076
700,dan-dakich-1,1998,0.000076
701,milan-brown-1,2004,0.000076
702,bobby-braswell-1,1997,0.000076
703,john-shulman-1,2005,0.000076
704,danny-kaspar-1,2001,0.000076
705,brad-greenberg-1,2008,0.000076
706,saul-phillips-1,2009,0.000076
707,jim-boylen-1,2008,0.000076
708,kevin-broadus-1,2008,0.000076
709,ken-bone-1,2006,0.000076
710,johnny-jones-2,2000,0.000076
711,tony-barbee-1,2007,0.000076
712,mike-lonergan-1,2006,0.000076
713,mike-rice-2,2008,0.000076
714,bob-marlin-1,1999,0.000076
715,george-ivory-1,2009,0.000076
716,todd-bozeman-1,1993,0.000076
717,oliver-purnell-1,1989,0.000076
718,murry-bartow-1,1997,0.000076
719,bj-hill-1,2011,0.000076
720,ed-dechellis-1,1997,0.000076
721,greg-kampe-1,2000,0.000076
722,edward-joyner-1,2010,0.000076
723,john-dunne-1,2007,0.000076
724,donnie-tyndall-1,2007,0.000076
725,patrick-chambers-2,2010,0.000076
726,bob-williams-1,1999,0.000076
727,mike-young-1,2003,0.000076
728,greg-lansing-1,2011,0.000076
729,sydney-johnson-1,2008,0.000076
730,brad-brownell-1,2003,0.000076
731,brooks-thompson-1,2007,0.000076
732,tim-miles-1,2008,0.000076
733,jim-ferry-1,2003,0.000076
734,ray-mccallum-1,1994,0.000076
735,john-becker-1,2012,0.000076
736,jimmy-patsos-1,2005,0.000076
737,mark-schmidt-1,2002,0.000076
738,eddie-biedenbach-1,1979,0.000076
739,tim-cluess-1,2011,0.000076
740,rick-byrd-1,2000,0.000076
741,roman-banks-1,2012,0.000076
742,scott-nagy-1,2009,0.000076
743,keith-dambrot-1,1992,0.000076
744,ray-harper-1,2012,0.000076
745,will-brown-2,2002,0.000076
746,bryce-drew-1,2012,0.000076
747,marvin-menzies-1,2008,0.000076
748,cy-alexander-1,1988,0.000076
749,david-paulsen-1,2009,0.000076
750,wayne-tinkle-1,2007,0.000076
751,dave-rice-1,2012,0.000076
752,matt-brady-1,2005,0.000076
